newsroom,publish_date,headline,text
InnovatePR,2023-01-15,"Launch of Next-Gen AI Platform","InnovateTech announces the launch of its next-generation AI platform, designed to revolutionize data analytics and machine learning applications. This platform leverages cutting-edge algorithms and high-performance computing to deliver unprecedented insights and predictive capabilities, enabling businesses to make data-driven decisions with greater accuracy and speed. The launch event will feature live demonstrations and keynote speeches from industry leaders."
InnovatePR,2023-02-20,"Partnership with Global FinTech Leaders","InnovateTech forms a strategic partnership with leading FinTech companies to enhance digital payment solutions and financial services. This collaboration aims to integrate advanced technologies such as blockchain and AI to create more secure, efficient, and user-friendly financial products. The partnership is expected to drive innovation and growth in the FinTech sector, benefiting consumers and businesses alike."
InnovatePR,2023-03-10,"Expansion into European Markets","InnovateTech expands its operations into Europe, establishing new offices in Germany and France to better serve European clients. This strategic move is part of the company's global growth strategy, aiming to tap into the diverse and dynamic European market. The new offices will focus on providing localized support and tailored solutions to meet the unique needs of European businesses."
InnovatePR,2023-04-05,"Awarded Best Tech Innovator 2023","InnovateTech receives the Best Tech Innovator award for its outstanding contributions to the technology sector and innovative solutions. The award recognizes the company's commitment to pushing the boundaries of technology and delivering cutting-edge products that address real-world challenges. InnovateTech's CEO expressed gratitude to the team and reaffirmed the company's dedication to continuous innovation."
InnovatePR,2023-05-22,"Launch of Sustainable Tech Initiative","InnovateTech launches a new sustainability initiative aimed at reducing carbon footprint and promoting eco-friendly technologies. The initiative includes the development of energy-efficient products, the adoption of green manufacturing practices, and partnerships with environmental organizations. InnovateTech is committed to leading the tech industry towards a more sustainable future."
InnovatePR,2023-06-18,"Release of Cybersecurity Suite","InnovateTech releases its latest cybersecurity suite, offering advanced protection against emerging digital threats and vulnerabilities. The suite includes a range of tools designed to safeguard data, networks, and systems from cyberattacks. With features such as real-time threat detection, automated response, and comprehensive reporting, the cybersecurity suite provides robust security for businesses of all sizes."
InnovatePR,2023-07-30,"InnovateTech Acquires Startup XYZ","InnovateTech acquires Startup XYZ to bolster its capabilities in artificial intelligence and machine learning research. The acquisition will bring together the expertise and resources of both companies to accelerate the development of innovative AI solutions. InnovateTech plans to integrate Startup XYZ's cutting-edge technologies into its existing product portfolio, enhancing its offerings and driving growth."
InnovatePR,2023-08-14,"Introduction of Remote Work Solutions","InnovateTech introduces comprehensive remote work solutions to support businesses in adapting to the evolving workplace dynamics. The solutions include secure communication tools, collaboration platforms, and productivity software designed to facilitate remote work. InnovateTech aims to help businesses maintain efficiency and connectivity while ensuring the security and well-being of their remote workforce."
InnovatePR,2023-09-09,"InnovateTech Hosts Annual Tech Conference","InnovateTech hosts its annual tech conference, bringing together industry leaders to discuss the future of technology and innovation. The conference features keynote speeches, panel discussions, and workshops on topics such as AI, cybersecurity, and digital transformation. Attendees will have the opportunity to network with peers, learn from experts, and explore the latest technological advancements."
InnovatePR,2023-10-25,"Launch of Healthcare AI Tools","InnovateTech unveils new AI-driven healthcare tools designed to improve patient care and streamline medical data management. The tools leverage machine learning algorithms to analyze medical data, provide diagnostic support, and personalize treatment plans. InnovateTech's healthcare solutions aim to enhance the efficiency and effectiveness of medical professionals, ultimately improving patient outcomes."
EcoPress,2023-01-18,"EcoPress Introduces Green Packaging Solutions","EcoPress launches its new line of green packaging solutions aimed at reducing environmental impact and promoting sustainability. The packaging is made from biodegradable and recyclable materials, designed to minimize waste and carbon footprint. EcoPress is committed to providing eco-friendly alternatives to traditional packaging, helping businesses and consumers make more sustainable choices."
EcoPress,2023-02-22,"Partnership with Renewable Energy Firms","EcoPress partners with leading renewable energy firms to develop eco-friendly products and sustainable business practices. The collaboration focuses on integrating renewable energy sources into EcoPress's operations and creating products that support a greener economy. This partnership underscores EcoPress's dedication to environmental stewardship and innovation in sustainability."
EcoPress,2023-03-15,"EcoPress Wins Environmental Excellence Award","EcoPress is honored with the Environmental Excellence Award for its commitment to sustainable practices and eco-friendly products. The award recognizes EcoPress's efforts in reducing environmental impact through innovative solutions and responsible business practices. EcoPress's CEO expressed pride in the team's achievements and reaffirmed the company's mission to lead in sustainability."
EcoPress,2023-04-10,"Expansion of Recycling Program","EcoPress expands its recycling program to include more materials and regions, enhancing its commitment to environmental stewardship. The expanded program aims to increase recycling rates and reduce waste by providing convenient and accessible recycling options. EcoPress encourages consumers and businesses to participate in the program and contribute to a more sustainable future."
EcoPress,2023-05-25,"Launch of Organic Product Line","EcoPress introduces a new line of organic products, emphasizing natural ingredients and environmentally friendly manufacturing processes. The product line includes a range of items such as personal care products, household cleaners, and food packaging. EcoPress aims to provide consumers with high-quality, eco-friendly alternatives that promote health and sustainability."
EcoPress,2023-06-20,"EcoPress Hosts Sustainability Summit","EcoPress hosts its annual Sustainability Summit, bringing together experts to discuss strategies for a greener future. The summit features keynote speeches, panel discussions, and workshops on topics such as renewable energy, waste reduction, and sustainable business practices. Attendees will have the opportunity to network with industry leaders and learn about the latest advancements in sustainability."
EcoPress,2023-07-18,"Development of Biodegradable Materials","EcoPress announces the development of new biodegradable materials, aiming to replace traditional plastics and reduce waste. The materials are designed to break down naturally, minimizing environmental impact and contributing to a circular economy. EcoPress is committed to innovation in sustainable materials and providing eco-friendly alternatives to conventional products."
EcoPress,2023-08-16,"EcoPress Implements Zero-Waste Policy","EcoPress adopts a zero-waste policy across all operations, striving for complete waste elimination and maximum recycling. The policy includes measures such as reducing single-use plastics, increasing recycling rates, and promoting sustainable practices among employees and partners. EcoPress aims to lead by example and inspire other businesses to adopt zero-waste initiatives."
EcoPress,2023-09-12,"Launch of Eco-Friendly Transportation Solutions","EcoPress unveils eco-friendly transportation solutions designed to minimize carbon emissions and promote sustainable mobility. The solutions include electric vehicles, bike-sharing programs, and public transportation initiatives. EcoPress is committed to reducing its carbon footprint and supporting the transition to a more sustainable transportation system."
EcoPress,2023-10-30,"EcoPress Collaborates with NGOs for Environmental Projects","EcoPress collaborates with non-governmental organizations to support various environmental projects and community initiatives. The collaboration aims to address issues such as deforestation, wildlife conservation, and climate change. EcoPress is dedicated to making a positive impact on the environment and supporting efforts to create a more sustainable world."
GlamourGems,2023-01-10,"Launch of Exclusive Diamond Collection","GlamourGems unveils its exclusive diamond collection, featuring rare and exquisite diamonds sourced from around the world. Each piece in the collection is meticulously crafted to highlight the natural beauty and brilliance of the diamonds. GlamourGems invites customers to explore the collection and discover the perfect piece to celebrate life's special moments."
GlamourGems,2023-02-14,"Valentine's Day Special Offers","GlamourGems announces special offers and discounts on a wide range of jewelry items for Valentine's Day. Customers can enjoy significant savings on engagement rings, necklaces, bracelets, and more. GlamourGems aims to make this Valentine's Day unforgettable with beautiful and affordable jewelry options for every budget."
GlamourGems,2023-03-08,"International Women's Day Celebration","GlamourGems celebrates International Women's Day with a new collection dedicated to empowering women. The collection features elegant and sophisticated pieces designed to inspire confidence and strength. GlamourGems is proud to support women's empowerment and encourages customers to celebrate the remarkable women in their lives with a special piece of jewelry."
GlamourGems,2023-04-22,"Earth Day Eco-Friendly Jewelry Line","GlamourGems launches an eco-friendly jewelry line made from sustainable materials in honor of Earth Day. The collection includes pieces crafted from recycled metals and ethically sourced gemstones. GlamourGems is committed to promoting sustainability and offering customers beautiful jewelry that aligns with their environmental values."
GlamourGems,2023-05-12,"Mother's Day Gift Guide","GlamourGems releases a curated gift guide for Mother's Day, featuring elegant and timeless pieces. The guide includes recommendations for necklaces, earrings, rings, and bracelets that make perfect gifts for mothers. GlamourGems aims to help customers find the ideal piece to express their love and appreciation for the special women in their lives."
GlamourGems,2023-06-01,"Summer Collection Launch","GlamourGems introduces its vibrant summer collection, inspired by the colors and energy of the season. The collection features bold and colorful designs that capture the essence of summer. GlamourGems invites customers to explore the new collection and add a touch of summer sparkle to their jewelry collection."
GlamourGems,2023-07-04,"Independence Day Sale","GlamourGems announces an Independence Day sale with significant discounts on selected items. Customers can enjoy savings on a variety of jewelry pieces, including rings, necklaces, and bracelets. GlamourGems celebrates the spirit of independence with beautiful jewelry at unbeatable prices."
GlamourGems,2023-08-15,"Back-to-School Jewelry Trends","GlamourGems highlights the latest back-to-school jewelry trends for students and teachers. The collection includes stylish and affordable pieces that are perfect for the new school year. GlamourGems aims to help customers stay on-trend and express their personal style with fashionable jewelry options."
GlamourGems,2023-09-21,"Fall Collection Preview","GlamourGems offers a sneak peek at its upcoming fall collection, featuring warm tones and intricate designs. The collection is inspired by the beauty of autumn and includes pieces that are perfect for the season. GlamourGems invites customers to preview the new collection and find the perfect piece to complement their fall wardrobe."
GlamourGems,2023-10-31,"Halloween Themed Jewelry","GlamourGems introduces a limited edition Halloween-themed jewelry line, perfect for adding a spooky touch to any outfit. The collection includes pieces featuring motifs such as pumpkins, bats, and ghosts. GlamourGems encourages customers to embrace the Halloween spirit with fun and festive jewelry."
GlamourGems,2023-11-25,"Black Friday Deals","GlamourGems announces its Black Friday deals, offering huge savings on a wide range of jewelry items. Customers can take advantage of discounts on rings, necklaces, earrings, and more. GlamourGems aims to make holiday shopping easier and more affordable with unbeatable Black Friday offers."
GlamourGems,2023-12-20,"Holiday Gift Collection","GlamourGems launches its holiday gift collection, featuring festive and elegant pieces for the holiday season. The collection includes a variety of jewelry items that make perfect gifts for loved ones. GlamourGems invites customers to explore the holiday collection and find the perfect piece to celebrate the season."
SweMart,2024-01-15,"SweMart Announces Entry into German Market","SweMart, a leading Swedish retailer, has announced its plans to enter the German market. The company aims to open its first stores in major German cities, offering a wide range of high-quality products at competitive prices. SweMart's CEO expressed excitement about the expansion and highlighted the company's commitment to providing excellent customer service and sustainable products. The entry into the German market marks a significant milestone in SweMart's growth strategy."
SweMart,2024-03-10,"First SweMart Store Opens in Berlin","SweMart has officially opened its first store in Berlin, marking the beginning of its expansion into Germany. The store, located in the heart of the city, offers a diverse selection of products, including home goods, fashion, and electronics. The grand opening event attracted a large crowd, with customers eager to explore the new store. SweMart plans to open additional stores in other major German cities in the coming months, bringing its unique shopping experience to more customers."
SweMart,2024-05-05,"SweMart Partners with Local Suppliers in Germany","As part of its commitment to supporting local economies, SweMart has announced partnerships with several local suppliers in Germany. These partnerships will allow SweMart to offer a range of locally sourced products, including fresh produce, artisanal goods, and specialty items. The collaboration with local suppliers aligns with SweMart's sustainability goals and enhances its product offerings. Customers can look forward to discovering high-quality, locally made products at SweMart stores."
SweMart,2024-07-20,"SweMart Launches Loyalty Program in Germany","SweMart has launched a new loyalty program for its customers in Germany. The program, called 'Svenska Rewards,' offers members exclusive discounts, early access to sales, and special promotions. Customers can sign up for the program online or in-store and start earning points with every purchase. SweMart's CEO stated that the loyalty program is designed to reward loyal customers and enhance their shopping experience. The company is committed to building strong relationships with its customers in Germany."
SweMart,2024-10-15,"SweMart Hosts Sustainability Workshop in Munich","SweMart is hosting a sustainability workshop in Munich to promote eco-friendly practices and raise awareness about environmental issues. The workshop will feature presentations from sustainability experts, interactive sessions, and practical tips for reducing environmental impact. SweMart is dedicated to promoting sustainability and encouraging customers to make environmentally conscious choices. The workshop is part of the company's broader efforts to support sustainable development and contribute to a greener future."
